-- phpMyAdmin SQL Dump
-- version 5.1.1
-- https://www.phpmyadmin.net/
--
-- Host: 127.0.0.1
-- Waktu pembuatan: 22 Okt 2021 pada 06.15
-- Versi server: 10.4.19-MariaDB
-- Versi PHP: 8.0.7

SET SQL_MODE = "NO_AUTO_VALUE_ON_ZERO";
START TRANSACTION;
SET time_zone = "+00:00";


/*!40101 SET @OLD_CHARACTER_SET_CLIENT=@@CHARACTER_SET_CLIENT */;
/*!40101 SET @OLD_CHARACTER_SET_RESULTS=@@CHARACTER_SET_RESULTS */;
/*!40101 SET @OLD_COLLATION_CONNECTION=@@COLLATION_CONNECTION */;
/*!40101 SET NAMES utf8mb4 */;

--
-- Database: `ci_barang`
--

-- --------------------------------------------------------

--
-- Struktur dari tabel `barang`
--

CREATE TABLE `barang` (
  `id_barang` char(7) NOT NULL,
  `nama_barang` varchar(255) NOT NULL,
  `stok` int(11) NOT NULL,
  `satuan_id` int(11) NOT NULL,
  `jenis_id` int(11) NOT NULL
) ENGINE=InnoDB DEFAULT CHARSET=utf8;

--
-- Dumping data untuk tabel `barang`
--

INSERT INTO `barang` (`id_barang`, `nama_barang`, `stok`, `satuan_id`, `jenis_id`) VALUES
('B000001', 'Mangga', 30, 2, 1),
('B000002', 'Pisang', 10, 2, 1),
('B000003', 'Apel', 0, 2, 1),
('B000004', 'Kangkung', 10, 3, 2),
('B000005', 'Cabai', 50, 2, 2);

-- --------------------------------------------------------

--
-- Struktur dari tabel `barang_keluar`
--

CREATE TABLE `barang_keluar` (
  `id_barang_keluar` char(16) NOT NULL,
  `user_id` int(11) NOT NULL,
  `barang_id` char(7) NOT NULL,
  `jumlah_keluar` int(11) NOT NULL,
  `tanggal_keluar` date NOT NULL
) ENGINE=InnoDB DEFAULT CHARSET=utf8;

--
-- Dumping data untuk tabel `barang_keluar`
--

INSERT INTO `barang_keluar` (`id_barang_keluar`, `user_id`, `barang_id`, `jumlah_keluar`, `tanggal_keluar`) VALUES
('T-BK-21102200001', 17, 'B000002', 10, '2021-10-22'),
('T-BK-21102200002', 17, 'B000004', 15, '2021-10-22');

--
-- Trigger `barang_keluar`
--
DELIMITER $$
CREATE TRIGGER `update_stok_keluar` BEFORE INSERT ON `barang_keluar` FOR EACH ROW UPDATE `barang` SET `barang`.`stok` = `barang`.`stok` - NEW.jumlah_keluar WHERE `barang`.`id_barang` = NEW.barang_id
$$
DELIMITER ;

-- --------------------------------------------------------

--
-- Struktur dari tabel `barang_masuk`
--

CREATE TABLE `barang_masuk` (
  `id_barang_masuk` char(16) NOT NULL,
  `supplier_id` int(11) NOT NULL,
  `user_id` int(11) NOT NULL,
  `barang_id` char(7) NOT NULL,
  `jumlah_masuk` int(11) NOT NULL,
  `tanggal_masuk` date NOT NULL
) ENGINE=InnoDB DEFAULT CHARSET=utf8;

--
-- Dumping data untuk tabel `barang_masuk`
--

INSERT INTO `barang_masuk` (`id_barang_masuk`, `supplier_id`, `user_id`, `barang_id`, `jumlah_masuk`, `tanggal_masuk`) VALUES
('T-BM-21102200001', 2, 16, 'B000002', 20, '2021-10-18'),
('T-BM-21102200002', 2, 16, 'B000001', 30, '2021-10-19'),
('T-BM-21102200003', 1, 17, 'B000004', 25, '2021-10-19'),
('T-BM-21102200004', 3, 17, 'B000005', 50, '2021-10-19');

--
-- Trigger `barang_masuk`
--
DELIMITER $$
CREATE TRIGGER `update_stok_masuk` BEFORE INSERT ON `barang_masuk` FOR EACH ROW UPDATE `barang` SET `barang`.`stok` = `barang`.`stok` + NEW.jumlah_masuk WHERE `barang`.`id_barang` = NEW.barang_id
$$
DELIMITER ;

-- --------------------------------------------------------

--
-- Struktur dari tabel `jenis`
--

CREATE TABLE `jenis` (
  `id_jenis` int(11) NOT NULL,
  `nama_jenis` varchar(20) NOT NULL
) ENGINE=InnoDB DEFAULT CHARSET=utf8;

--
-- Dumping data untuk tabel `jenis`
--

INSERT INTO `jenis` (`id_jenis`, `nama_jenis`) VALUES
(1, 'Buah'),
(2, 'Sayuran');

-- --------------------------------------------------------

--
-- Struktur dari tabel `satuan`
--

CREATE TABLE `satuan` (
  `id_satuan` int(11) NOT NULL,
  `nama_satuan` varchar(15) NOT NULL
) ENGINE=InnoDB DEFAULT CHARSET=utf8;

--
-- Dumping data untuk tabel `satuan`
--

INSERT INTO `satuan` (`id_satuan`, `nama_satuan`) VALUES
(2, 'Kilogram'),
(3, 'Ikat');

-- --------------------------------------------------------

--
-- Struktur dari tabel `supplier`
--

CREATE TABLE `supplier` (
  `id_supplier` int(11) NOT NULL,
  `nama_supplier` varchar(50) NOT NULL,
  `no_telp` varchar(15) NOT NULL,
  `alamat` text NOT NULL
) ENGINE=InnoDB DEFAULT CHARSET=utf8;

--
-- Dumping data untuk tabel `supplier`
--

INSERT INTO `supplier` (`id_supplier`, `nama_supplier`, `no_telp`, `alamat`) VALUES
(1, 'Ahmad Susanto', '085629827595', 'Kec. Bojonggede, Bogor - Jawa Barat'),
(2, 'Fahri Rochman', '081341878934', 'Kec. Ciampea, Bogor - Jawa Barat'),
(3, 'Asep Salahudin', '087728164328', 'Kec. Ciomas, Bogor - Jawa Barat');

-- --------------------------------------------------------

--
-- Struktur dari tabel `user`
--

CREATE TABLE `user` (
  `id_user` int(11) NOT NULL,
  `nama` varchar(50) NOT NULL,
  `username` varchar(50) NOT NULL,
  `email` varchar(100) NOT NULL,
  `no_telp` varchar(15) NOT NULL,
  `role` enum('gudang','admin') NOT NULL,
  `password` varchar(255) NOT NULL,
  `created_at` int(11) NOT NULL,
  `foto` text NOT NULL,
  `is_active` tinyint(1) NOT NULL
) ENGINE=InnoDB DEFAULT CHARSET=utf8;

--
-- Dumping data untuk tabel `user`
--

INSERT INTO `user` (`id_user`, `nama`, `username`, `email`, `no_telp`, `role`, `password`, `created_at`, `foto`, `is_active`) VALUES
(14, 'Zulfi Masyita Resia Reswati', 'zulfi', 'zulfimasyita.15@gmail.com', '083857667881', 'admin', '$2y$10$Q8XP0LP/OQ6/PEHF6BvA7.dJKtBsO7rez14UxOPPf5n9J7NBFWNly', 1634862223, '90607176ac7b3fd17399cca17cfe3961.gif', 1),
(15, 'Tanzil Rahmatul Karim', 'tanzil', 'tanzil.r35@gmail.com', '085156791351', 'admin', '$2y$10$YGuFPmsHkbeVojKEnNWKx.yrHs0o1UYDghaDC0KLo08ezDZwbSeOy', 1634862605, '3cdc6d03067dbfd2e2df9bc55c171d95.gif', 1),
(16, 'Jaenab Abidin', 'jaenab', 'jaenabx@gmail.com', '0851567917234', 'gudang', '$2y$10$aQiuZlTyfEiGN8LXK5MTheXy/3acjApoKyIj/60hoJh9NoSEQd1CK', 1634862634, 'user.png', 1),
(17, 'Haekal Chandra', 'haekal', 'haekalchan@gmail.com', '081936511805', 'gudang', '$2y$10$zvQVKAWMCraP8fxB2TQzHOqqJNJhnrtzfbDV7W1W.FFJR/peV3zRW', 1634862661, 'user.png', 1);

--
-- Indexes for dumped tables
--

--
-- Indeks untuk tabel `barang`
--
ALTER TABLE `barang`
  ADD PRIMARY KEY (`id_barang`),
  ADD KEY `satuan_id` (`satuan_id`),
  ADD KEY `kategori_id` (`jenis_id`);

--
-- Indeks untuk tabel `barang_keluar`
--
ALTER TABLE `barang_keluar`
  ADD PRIMARY KEY (`id_barang_keluar`),
  ADD KEY `id_user` (`user_id`),
  ADD KEY `barang_id` (`barang_id`);

--
-- Indeks untuk tabel `barang_masuk`
--
ALTER TABLE `barang_masuk`
  ADD PRIMARY KEY (`id_barang_masuk`),
  ADD KEY `id_user` (`user_id`),
  ADD KEY `supplier_id` (`supplier_id`),
  ADD KEY `barang_id` (`barang_id`);

--
-- Indeks untuk tabel `jenis`
--
ALTER TABLE `jenis`
  ADD PRIMARY KEY (`id_jenis`);

--
-- Indeks untuk tabel `satuan`
--
ALTER TABLE `satuan`
  ADD PRIMARY KEY (`id_satuan`);

--
-- Indeks untuk tabel `supplier`
--
ALTER TABLE `supplier`
  ADD PRIMARY KEY (`id_supplier`);

--
-- Indeks untuk tabel `user`
--
ALTER TABLE `user`
  ADD PRIMARY KEY (`id_user`);

--
-- AUTO_INCREMENT untuk tabel yang dibuang
--

--
-- AUTO_INCREMENT untuk tabel `jenis`
--
ALTER TABLE `jenis`
  MODIFY `id_jenis` int(11) NOT NULL AUTO_INCREMENT, AUTO_INCREMENT=8;

--
-- AUTO_INCREMENT untuk tabel `satuan`
--
ALTER TABLE `satuan`
  MODIFY `id_satuan` int(11) NOT NULL AUTO_INCREMENT, AUTO_INCREMENT=5;

--
-- AUTO_INCREMENT untuk tabel `supplier`
--
ALTER TABLE `supplier`
  MODIFY `id_supplier` int(11) NOT NULL AUTO_INCREMENT, AUTO_INCREMENT=4;

--
-- AUTO_INCREMENT untuk tabel `user`
--
ALTER TABLE `user`
  MODIFY `id_user` int(11) NOT NULL AUTO_INCREMENT, AUTO_INCREMENT=18;

--
-- Ketidakleluasaan untuk tabel pelimpahan (Dumped Tables)
--

--
-- Ketidakleluasaan untuk tabel `barang`
--
ALTER TABLE `barang`
  ADD CONSTRAINT `barang_ibfk_1` FOREIGN KEY (`satuan_id`) REFERENCES `satuan` (`id_satuan`) ON DELETE CASCADE ON UPDATE CASCADE,
  ADD CONSTRAINT `barang_ibfk_2` FOREIGN KEY (`jenis_id`) REFERENCES `jenis` (`id_jenis`) ON DELETE CASCADE ON UPDATE CASCADE;

--
-- Ketidakleluasaan untuk tabel `barang_keluar`
--
ALTER TABLE `barang_keluar`
  ADD CONSTRAINT `barang_keluar_ibfk_1` FOREIGN KEY (`user_id`) REFERENCES `user` (`id_user`) ON DELETE CASCADE ON UPDATE CASCADE,
  ADD CONSTRAINT `barang_keluar_ibfk_2` FOREIGN KEY (`barang_id`) REFERENCES `barang` (`id_barang`) ON DELETE CASCADE ON UPDATE CASCADE;

--
-- Ketidakleluasaan untuk tabel `barang_masuk`
--
ALTER TABLE `barang_masuk`
  ADD CONSTRAINT `barang_masuk_ibfk_1` FOREIGN KEY (`user_id`) REFERENCES `user` (`id_user`) ON DELETE CASCADE ON UPDATE CASCADE,
  ADD CONSTRAINT `barang_masuk_ibfk_2` FOREIGN KEY (`supplier_id`) REFERENCES `supplier` (`id_supplier`) ON DELETE CASCADE ON UPDATE CASCADE,
  ADD CONSTRAINT `barang_masuk_ibfk_3` FOREIGN KEY (`barang_id`) REFERENCES `barang` (`id_barang`) ON DELETE CASCADE ON UPDATE CASCADE;
COMMIT;

/*!40101 SET CHARACTER_SET_CLIENT=@OLD_CHARACTER_SET_CLIENT */;
/*!40101 SET CHARACTER_SET_RESULTS=@OLD_CHARACTER_SET_RESULTS */;
/*!40101 SET COLLATION_CONNECTION=@OLD_COLLATION_CONNECTION */;
